{"cameraMode":{"drawMode":0,"name":"Shaded","section":"Shading Mode"},"sceneLighting":false,"audioPlay":false,"sceneViewState":{"m_AlwaysRefresh":false,"showFog":true,"showSkybox":false,"showFlares":true,"showImageEffects":true,"showParticleSystems":true,"showVisualEffectGraphs":true,"m_FxEnabled":true},"in2DMode":false,"pivot":{"x":-96.05999755859375,"y":3.929999828338623,"z":34.529998779296878},"rotation":{"x":0.046167973428964618,"y":-0.7273681163787842,"z":0.049171995371580127,"w":0.6829286813735962},"size":1.2835497856140137,"orthographic":false}